{"cameraMode":{"drawMode":0,"name":"Shaded","section":"Shading Mode"},"sceneLighting":false,"audioPlay":false,"sceneViewState":{"showFog":true,"showMaterialUpdate":false,"showSkybox":true,"showFlares":true,"showImageEffects":true,"showParticleSystems":true},"in2DMode":false,"pivot":{"x":1.8308537006378174,"y":-0.14444133639335633,"z":4.750629425048828},"rotation":{"x":0.01679237373173237,"y":0.04438643530011177,"z":-0.0007455353625118732,"w":0.9988730549812317},"size":11.220921516418457,"orthographic":false}